4597.1347891566	0.4119207628	438.5258028574	5.4534178416	0.0000000000	0.0000000000	0.0000000000	0.0000000000	0.0000000000	0.0000000000	0.0000000000	1.3302693188	0.5416666667	0.0384615385
122.8792731678	0.0233478943	28.8672141264	5.5370084757	0.0000000000	0.0000000000	0.0000000000	0.0000000000	0.0000000000	0.0000000000	0.0000000000	1.5906883329	0.1153846154	0.3333333333
27892.2848484849	0.7706746356	143.3054756118	2.5117274361	0.0000000000	0.0000000000	0.0000000000	0.0000000000	0.0000000000	0.0000000000	0.2857142857	3.0374992000	0.7777777778	2.0714285714
802.6463466743	0.0954751832	107.0066272294	3.0103110516	0.0000000000	0.0000000000	0.0000000000	0.0000000000	0.0000000000	0.0000000000	0.2000000000	2.0301513582	0.2711864407	0.0000000000
5492.5730994152	0.6306035353	878.3375155384	11.3415934605	0.0000000000	0.0000000000	0.0000000000	0.0000000000	0.0000000000	0.0000000000	0.2000000000	0.8435132563	1.0000000000	0.2549019608
4272.0012995452	0.2913822525	234.0754551755	6.7876910716	0.0000000000	0.0000000000	0.0000000000	0.0000000000	0.0000000000	0.0000000000	0.2000000000	1.2786414206	1.0000000000	0.0000000000
186.4476426799	0.1681898962	1192.0183056482	13.2736383768	0.0000000000	0.0000000000	0.0000000000	0.0000000000	0.0000000000	0.0000000000	0.0000000000	0.7616919354	0.5390070922	0.2236842105
838.8184922511	0.1948240132	457.7756154507	9.0352533997	0.0000000000	0.0000000000	0.0000000000	0.0000000000	0.0000000000	0.0000000000	0.0000000000	1.3056021407	0.1607565012	0.0000000000
469.0287141074	0.1730969290	590.4637431054	11.0699637145	0.0000000000	0.0000000000	0.0000000000	0.0000000000	0.0000000000	0.0000000000	0.0000000000	0.7711872831	0.2500000000	0.2708333333
738.7650935374	0.1907317854	488.7685199775	7.4792422603	0.0000000000	0.0000000000	0.0000000000	0.0000000000	0.0000000000	0.0000000000	0.0000000000	1.1627548113	0.1927083333	0.0000000000
436731.2036613273	6.0752338901	1649.3582951596	3.4240789716	0.0000000000	0.0000000000	0.0000000000	0.0000000000	0.0000000000	0.0000000000	0.0000000000	2.1641452089	1.0000000000	0.6692913386
185.6605105614	0.0265701971	26.1195989697	3.5843688910	0.0000000000	0.0000000000	0.0000000000	0.0000000000	0.0000000000	0.0000000000	0.2857142857	1.5877836815	0.0641025641	0.0000000000
0.0000000000	0.0000000000	nan	0.0000000000	0.0000000000	0.0000000000	0.0000000000	0.0000000000	0.0000000000	0.0000000000	0.0000000000	1.8598826900	0.0000000000	nan
inf	inf	inf	4.4581991466	0.0000000000	0.0000000000	0.0000000000	0.0000000000	0.0000000000	0.0000000000	0.0000000000	1.7135391881	1.0000000000	0.1014492754
3.3184172356	0.0039315929	8.3964155309	4.9361341314	0.0000000000	0.0000000000	0.0000000000	0.0000000000	0.0000000000	0.0000000000	0.0000000000	1.3234463707	0.0182291667	0.0000000000
0.0000000000	0.0000000000	nan	0.0000000000	0.0000000000	0.0000000000	0.0000000000	0.0000000000	0.0000000000	0.0000000000	0.0000000000	0.7870100513	0.0000000000	nan
inf	inf	inf	16.5982602993	0.0000000000	0.0000000000	0.0000000000	0.0000000000	0.0000000000	0.0000000000	0.0000000000	0.5757293403	1.0000000000	0.2500000000
0.0000000000	0.0000000000	nan	0.0000000000	0.0000000000	0.0000000000	0.0000000000	0.0000000000	0.0000000000	0.0000000000	0.0000000000	0.7870100513	0.0000000000	nan
nan	nan	nan	0.0000000000	0.0000000000	0.0000000000	0.0000000000	0.0000000000	0.0000000000	0.0000000000	0.0000000000	0.9771937380	nan	nan
0.0000000000	0.0000000000	nan	0.0000000000	0.0000000000	0.0000000000	0.0000000000	0.0000000000	0.0000000000	0.0000000000	0.0000000000	0.7553645149	0.0000000000	nan
0.0000000000	0.0000000000	nan	0.0000000000	0.0000000000	0.0000000000	0.0000000000	0.0000000000	0.0000000000	1.0000000000	0.1666666667	1.4463703086	0.0000000000	nan
3.7613081929	0.0016676397	1.3247668205	7.9506860044	0.0000000000	0.0000000000	0.0000000000	0.0000000000	0.0000000000	1.0000000000	0.1666666667	1.2829342733	0.0192307692	0.0000000000
164.6167478092	0.0156021620	10.2072400632	4.2646333406	0.0000000000	0.0000000000	0.0000000000	0.0000000000	0.0000000000	0.0000000000	0.0000000000	1.6159611394	0.0384615385	0.0000000000
0.0000000000	0.0000000000	nan	0.0000000000	0.0000000000	0.0000000000	0.0000000000	0.0000000000	0.0000000000	0.0000000000	0.0000000000	1.5610001130	0.0000000000	nan
0.0000000000	0.0000000000	nan	0.0000000000	0.0000000000	0.0000000000	0.0000000000	0.0000000000	0.0000000000	0.0000000000	0.0000000000	1.3886728840	0.0000000000	nan
0.0000000000	0.0000000000	nan	0.0000000000	0.0000000000	0.0000000000	0.0000000000	0.0000000000	0.0000000000	0.0000000000	0.0000000000	3.2296904325	0.0000000000	nan
nan	nan	nan	0.0000000000	0.0000000000	0.0000000000	0.0000000000	0.0000000000	0.0000000000	0.0000000000	0.0000000000	2.2041829278	nan	nan
0.0000000000	0.0000000000	nan	0.0000000000	0.0000000000	0.0000000000	0.0000000000	0.0000000000	0.0000000000	0.0000000000	0.0000000000	2.0083502419	0.0000000000	nan
475.4257592801	0.0318178166	18.4926322137	3.2800414508	0.0000000000	0.0000000000	0.0000000000	0.0000000000	0.0000000000	0.0000000000	0.0000000000	1.6373137772	0.4285714286	0.0000000000
517.6858267717	0.0198418948	6.2493685462	2.0265588189	0.0000000000	0.0000000000	0.0000000000	0.0000000000	0.0000000000	0.0000000000	0.0000000000	1.7983643200	0.1666666667	0.0000000000
1100.9289377289	0.0605227533	14.0078191825	16.6651003806	0.0000000000	0.0000000000	0.0000000000	0.0000000000	0.0000000000	0.0000000000	0.0000000000	1.3850210886	1.0000000000	0.0000000000
0.0000000000	0.0000000000	nan	0.0000000000	0.0000000000	0.0000000000	0.0000000000	0.0000000000	0.0000000000	0.0000000000	0.0000000000	2.9386623874	0.0000000000	nan
inf	inf	inf	5.5188979291	0.0000000000	0.0000000000	0.0000000000	0.0000000000	0.0000000000	0.0000000000	0.0000000000	2.4327256531	1.0000000000	0.6666666667
75.2701227148	0.0158252415	21.6054163969	3.4115511687	0.0000000000	0.0000000000	0.0000000000	0.0000000000	0.0000000000	1.0000000000	0.2500000000	2.3543363698	0.1515151515	0.4000000000
19.7206746920	0.0037413581	2.9816675622	3.1304085393	0.0000000000	0.0000000000	0.0000000000	0.0000000000	0.0000000000	1.0000000000	0.4000000000	2.0110205323	0.1000000000	0.0000000000
13689.1821862348	0.3181423815	95.2436117846	2.7631995673	0.0000000000	0.0000000000	0.0000000000	0.0000000000	0.0000000000	0.0000000000	0.3333333333	2.6121082827	0.2631578947	0.0000000000
inf	inf	inf	11.8352407328	0.0000000000	0.0000000000	0.0000000000	0.0000000000	0.0000000000	1.0000000000	0.3333333333	1.2310628742	1.0000000000	2.5000000000
262.9423292273	0.0418296551	55.7193472763	7.5890148363	0.0000000000	0.0000000000	0.0000000000	0.0000000000	0.0000000000	1.0000000000	0.5000000000	1.0827364512	1.0000000000	0.0000000000
594845.6666666665	4.0055517029	505.2501761509	4.4192252902	0.0000000000	0.0000000000	0.0000000000	0.0000000000	0.0000000000	0.0000000000	0.4000000000	1.9896985680	1.0000000000	0.0000000000
19413.7492822967	0.5083042453	177.7272627585	2.7347465484	0.0000000000	0.0000000000	0.0000000000	0.0000000000	0.0000000000	0.0000000000	0.3333333333	2.5897229239	0.4736842105	0.0000000000
0.0000000000	0.0000000000	nan	0.0000000000	0.0000000000	0.0000000000	0.0000000000	0.0000000000	0.0000000000	1.0000000000	0.5000000000	1.7700103521	0.0000000000	nan
nan	nan	nan	0.0000000000	0.0000000000	0.0000000000	0.0000000000	0.0000000000	0.0000000000	1.0000000000	0.6666666667	1.3925926288	nan	nan
0.0000000000	0.0000000000	nan	0.0000000000	0.0000000000	0.0000000000	0.0000000000	0.0000000000	0.0000000000	0.0000000000	0.5000000000	2.4488312304	0.0000000000	nan
0.0000000000	0.0000000000	nan	0.0000000000	0.0000000000	0.0000000000	0.0000000000	0.0000000000	0.0000000000	0.0000000000	0.4000000000	3.0770339251	0.0000000000	nan
0.0000000000	0.0000000000	nan	0.0000000000	0.0000000000	0.0000000000	0.0000000000	0.0000000000	1.0000000000	1.0000000000	1.0000000000	1.3784628510	0.0000000000	nan
inf	inf	inf	1.6887458012	0.0000000000	0.0000000000	0.0000000000	0.0000000000	1.0000000000	0.0000000000	0.6666666667	2.7914909124	1.0000000000	2.5333333333
30358.9494949495	0.4494665750	103.2084662930	1.1870947959	0.0000000000	0.0000000000	0.0000000000	0.0000000000	1.0000000000	0.0000000000	0.5000000000	3.4910793602	0.6666666667	1.8000000000
0.0000000000	0.0000000000	nan	0.0000000000	0.0000000000	0.0000000000	0.0000000000	0.0000000000	1.0000000000	0.0000000000	0.5000000000	3.1276521087	0.0000000000	nan
0.0000000000	0.0000000000	nan	0.0000000000	0.0000000000	0.0000000000	0.0000000000	0.0000000000	1.0000000000	0.0000000000	0.3333333333	3.9483829737	0.0000000000	nan
75897.3737373737	0.5802588532	112.3713736117	0.3501235896	0.0000000000	0.0000000000	0.0000000000	0.0000000000	0.0000000000	0.0000000000	0.0000000000	5.6036958694	0.3030303030	0.0000000000
20748.4445454545	0.6067798762	89.4620390507	2.4109751938	0.0000000000	0.0000000000	0.0000000000	0.0000000000	0.0000000000	0.0000000000	0.2222222222	2.5303581589	1.0000000000	0.0000000000
31025.3478879924	0.8357661057	299.9342348717	2.1990830993	0.0000000000	0.0000000000	0.0000000000	0.0000000000	0.0000000000	0.0000000000	0.2500000000	3.3375665937	1.0000000000	0.0000000000
inf	inf	inf	6.6277742797	0.0000000000	0.0000000000	0.0000000000	0.0000000000	0.0000000000	0.0000000000	0.0000000000	1.2890728166	1.0000000000	0.5000000000
206.8788546256	0.0901235080	314.5958693367	5.1487284480	0.0000000000	0.0000000000	0.0000000000	0.0000000000	0.0000000000	1.0000000000	0.2500000000	1.5223946460	0.5000000000	0.3389830508
0.0000000000	0.0000000000	nan	0.0000000000	0.0000000000	0.0000000000	0.0000000000	0.0000000000	0.0000000000	0.0000000000	0.0000000000	1.8570252657	0.0000000000	nan
nan	nan	nan	0.0000000000	0.0000000000	0.0000000000	0.0000000000	0.0000000000	0.0000000000	1.0000000000	0.3333333333	1.9788035552	nan	nan
0.0000000000	0.0000000000	nan	0.0000000000	0.0000000000	0.0000000000	0.0000000000	0.0000000000	0.0000000000	0.0000000000	0.2500000000	2.4993972182	0.0000000000	nan
0.0000000000	0.0000000000	nan	0.0000000000	0.0000000000	0.0000000000	0.0000000000	0.0000000000	0.0000000000	1.0000000000	0.5000000000	2.2577792406	0.0000000000	nan
inf	inf	inf	1.3741583779	0.0000000000	0.0000000000	0.0000000000	0.0000000000	0.0000000000	0.0000000000	0.3333333333	2.8589122295	1.0000000000	5.3333333333
0.0000000000	0.0000000000	nan	0.0000000000	0.0000000000	0.0000000000	0.0000000000	0.0000000000	1.0000000000	0.0000000000	0.5000000000	3.1417691708	0.0000000000	nan
inf	inf	inf	9.7368248105	0.0000000000	0.0000000000	0.0000000000	0.0000000000	0.0000000000	1.0000000000	0.3333333333	0.8523293585	1.0000000000	0.4489795918
11.3484064646	0.0113304180	41.2943146861	15.1564375083	0.0000000000	0.0000000000	0.0000000000	0.0000000000	0.0000000000	0.0000000000	0.2500000000	0.6775389984	0.3469387755	0.0000000000
0.0000000000	0.0000000000	nan	0.0000000000	0.0000000000	0.0000000000	0.0000000000	0.0000000000	0.0000000000	1.0000000000	0.5000000000	1.2019100785	0.0000000000	nan
nan	nan	nan	0.0000000000	0.0000000000	0.0000000000	0.0000000000	0.0000000000	0.0000000000	0.0000000000	0.3333333333	0.8523293585	nan	nan
0.0000000000	0.0000000000	nan	0.0000000000	0.0000000000	0.0000000000	0.0000000000	0.0000000000	0.0000000000	0.0000000000	0.2500000000	1.0160995908	0.0000000000	nan
0.0000000000	0.0000000000	nan	0.0000000000	0.0000000000	0.0000000000	0.0000000000	0.0000000000	1.0000000000	0.0000000000	0.5000000000	0.5997134820	0.0000000000	nan
inf	inf	inf	11.3908197636	0.0000000000	0.0000000000	0.0000000000	0.0000000000	1.0000000000	0.0000000000	0.3333333333	0.9022790839	1.0000000000	0.1401098901
0.0000000000	0.0000000000	nan	0.0000000000	0.0000000000	0.0000000000	0.0000000000	0.0000000000	0.0000000000	0.0000000000	0.0000000000	0.8302891031	0.0000000000	nan
0.0000000000	0.0000000000	nan	0.0000000000	0.0000000000	0.0000000000	0.0000000000	0.0000000000	0.0000000000	0.0000000000	0.1666666667	0.7284557000	0.0000000000	nan
0.0000000000	0.0000000000	nan	0.0000000000	0.0000000000	0.0000000000	0.0000000000	0.0000000000	0.0000000000	0.0000000000	0.1666666667	0.9840098470	0.0000000000	nan
63.3758434548	0.0392723482	66.3853243324	14.1618628193	0.0000000000	0.0000000000	0.0000000000	0.0000000000	0.0000000000	0.0000000000	0.1428571429	0.8219435705	1.0000000000	0.0000000000
244.5911458333	0.0983494741	142.9892886251	14.9350469078	0.0000000000	0.0000000000	0.0000000000	0.0000000000	0.0000000000	0.0000000000	0.1428571429	0.8273694835	1.0000000000	0.0000000000
0.0000000000	0.0000000000	nan	0.0000000000	0.0000000000	0.0000000000	0.0000000000	0.0000000000	0.0000000000	1.0000000000	0.3333333333	0.8773042212	0.0000000000	nan
9.5233787266	0.0045960943	6.7612490823	6.2321954227	0.0000000000	0.0000000000	0.0000000000	0.0000000000	0.0000000000	1.0000000000	0.3333333333	1.0501148353	0.0294117647	0.0000000000
27.4136263186	0.0102098239	16.5552010034	19.2387190529	0.0000000000	0.0000000000	0.0000000000	0.0000000000	1.0000000000	0.0000000000	0.4285714286	0.8357448110	0.1724137931	0.0000000000
0.0000000000	0.0000000000	nan	0.0000000000	0.0000000000	0.0000000000	0.0000000000	0.0000000000	0.0000000000	1.0000000000	0.3333333333	1.0407402565	0.0000000000	nan
222.5986457074	0.0344239168	37.8375924839	5.4548999955	0.0000000000	0.0000000000	0.0000000000	0.0000000000	1.0000000000	0.0000000000	0.4285714286	1.1486223127	1.0000000000	3.5714285714
nan	nan	nan	0.0000000000	0.0000000000	0.0000000000	0.0000000000	0.0000000000	1.0000000000	0.0000000000	0.2857142857	1.6726059275	nan	nan
0.0000000000	0.0000000000	nan	0.0000000000	0.0000000000	0.0000000000	0.0000000000	0.0000000000	0.0000000000	0.0000000000	0.1666666667	1.4820356021	0.0000000000	nan
0.0000000000	0.0000000000	nan	0.0000000000	0.0000000000	0.0000000000	0.0000000000	0.0000000000	0.0000000000	0.0000000000	0.0000000000	1.8431849256	0.0000000000	nan
inf	inf	inf	7.5900463015	0.0000000000	0.0000000000	0.0000000000	0.0000000000	0.0000000000	1.0000000000	0.3333333333	1.5775429656	1.0000000000	0.2400000000
7.8504270602	0.0055985595	12.3634075973	6.1137543059	0.0000000000	0.0000000000	0.0000000000	0.0000000000	0.0000000000	0.0000000000	0.2500000000	1.2214492038	0.2400000000	0.0000000000
0.0000000000	0.0000000000	nan	0.0000000000	0.0000000000	0.0000000000	0.0000000000	0.0000000000	0.0000000000	1.0000000000	0.5000000000	2.2897304893	0.0000000000	nan
nan	nan	nan	0.0000000000	0.0000000000	0.0000000000	0.0000000000	0.0000000000	0.0000000000	0.0000000000	0.3333333333	1.5775429656	nan	nan
0.0000000000	0.0000000000	nan	0.0000000000	0.0000000000	0.0000000000	0.0000000000	0.0000000000	0.0000000000	0.0000000000	0.2500000000	1.5600097962	0.0000000000	nan
0.0000000000	0.0000000000	nan	0.0000000000	0.0000000000	0.0000000000	0.0000000000	0.0000000000	0.0000000000	0.0000000000	0.0000000000	0.7680193558	0.0000000000	nan
inf	inf	inf	14.9590296307	0.0000000000	0.0000000000	0.0000000000	0.0000000000	0.0000000000	0.0000000000	0.0000000000	0.5630688767	1.0000000000	0.0260047281
0.0000000000	0.0000000000	nan	0.0000000000	0.0000000000	0.0000000000	0.0000000000	0.0000000000	0.0000000000	0.0000000000	0.0000000000	0.7680193558	0.0000000000	nan
inf	inf	inf	10.5240866568	0.0000000000	0.0000000000	0.0000000000	0.0000000000	0.0000000000	0.0000000000	0.0000000000	0.9645332744	1.0000000000	1.0500000000
0.0000000000	0.0000000000	nan	0.0000000000	0.0000000000	0.0000000000	0.0000000000	0.0000000000	0.0000000000	1.0000000000	0.2000000000	1.0147285998	0.0000000000	nan
397.7489894129	0.0804356654	131.6880647820	6.8069335268	0.0000000000	0.0000000000	0.0000000000	0.0000000000	1.0000000000	0.0000000000	0.3333333333	1.0834594419	0.3055555556	0.0000000000
100.5868808568	0.0298740477	55.3322620822	5.9554531908	0.0000000000	0.0000000000	0.0000000000	0.0000000000	1.0000000000	0.0000000000	0.3333333333	1.0015254269	0.1666666667	0.0000000000
82.2810395767	0.0545762091	224.9171756657	8.9409609921	0.0000000000	0.0000000000	0.0000000000	0.0000000000	0.0000000000	0.0000000000	0.0000000000	0.9122043431	0.2236842105	0.0000000000
47.3384322669	0.0327906720	123.4343195866	7.3856654209	0.0000000000	0.0000000000	0.0000000000	0.0000000000	0.0000000000	1.0000000000	0.2000000000	1.0259780943	0.1403508772	0.0000000000
18.1713180169	0.0103674270	23.1987553429	8.8121989418	0.0000000000	0.0000000000	0.0000000000	0.0000000000	1.0000000000	0.0000000000	0.3333333333	0.7799025228	0.1111111111	0.0000000000
9.8294420977	0.0087605056	25.1392039523	15.4858017997	0.0000000000	0.0000000000	0.0000000000	0.0000000000	0.0000000000	1.0000000000	0.2000000000	0.8186053574	0.0482456140	0.0000000000
51.6135068691	0.0269272040	74.9318845860	10.4192810609	0.0000000000	0.0000000000	0.0000000000	0.0000000000	1.0000000000	0.0000000000	0.3333333333	0.7884639949	0.2638888889	0.0000000000
0.0000000000	0.0000000000	nan	0.0000000000	0.0000000000	0.0000000000	0.0000000000	0.0000000000	0.0000000000	1.0000000000	0.2000000000	0.8266453326	0.0000000000	nan
381.9834928230	0.0678914604	101.0714157178	3.4285667714	0.0000000000	0.0000000000	0.0000000000	0.0000000000	0.0000000000	0.0000000000	0.0000000000	1.3210897505	0.0745614035	0.0000000000
0.0000000000	0.0000000000	nan	0.0000000000	0.0000000000	0.0000000000	0.0000000000	0.0000000000	0.0000000000	0.0000000000	0.1666666667	1.1360756208	0.0000000000	nan
14994.3592017738	0.5767098361	288.4628806843	6.7202324431	0.0000000000	0.0000000000	0.0000000000	0.0000000000	0.0000000000	0.0000000000	0.1666666667	1.3728195280	1.0000000000	0.0000000000
0.0000000000	0.0000000000	nan	0.0000000000	0.0000000000	0.0000000000	0.0000000000	0.0000000000	1.0000000000	0.0000000000	0.3333333333	1.3550271640	nan	nan
0.0000000000	0.0000000000	nan	0.0000000000	0.0000000000	0.0000000000	0.0000000000	0.0000000000	0.0000000000	0.0000000000	0.0000000000	1.1075906729	0.0000000000	nan
0.0000000000	0.0000000000	nan	0.0000000000	0.0000000000	0.0000000000	0.0000000000	0.0000000000	0.0000000000	0.0000000000	0.0000000000	1.4201724112	0.0000000000	nan
nan	nan	nan	0.0000000000	0.0000000000	0.0000000000	0.0000000000	0.0000000000	0.0000000000	0.0000000000	0.0000000000	1.6897468815	nan	nan
21.8444396589	0.0139217507	37.0073569356	6.7880755780	0.0000000000	0.0000000000	0.0000000000	0.0000000000	1.0000000000	0.0000000000	0.1666666667	1.2148506294	0.2307692308	0.0000000000
45.9805809399	0.0197900204	45.9386298465	14.9662960165	0.0000000000	0.0000000000	0.0000000000	0.0000000000	0.0000000000	0.0000000000	0.0000000000	0.9198006213	0.1250000000	0.0000000000
0.0000000000	0.0000000000	nan	0.0000000000	0.0000000000	0.0000000000	0.0000000000	0.0000000000	0.0000000000	1.0000000000	0.2000000000	0.8262016356	0.0000000000	nan
60.8764099563	0.0189758958	32.8707659411	8.2962345642	0.0000000000	0.0000000000	0.0000000000	0.0000000000	0.0000000000	0.0000000000	0.0000000000	1.3896398991	0.1538461538	0.0000000000
32.2679611917	0.0151340148	34.7407482439	7.0467906018	0.0000000000	0.0000000000	0.0000000000	0.0000000000	0.0000000000	1.0000000000	0.2000000000	1.0223248780	0.1041666667	0.0000000000
6271.5839486356	0.3472226681	227.3383898529	9.5501406053	0.0000000000	0.0000000000	0.0000000000	0.0000000000	0.0000000000	0.0000000000	0.0000000000	0.7701313073	1.0000000000	0.0000000000
678.8212417401	0.1005902186	136.9275143449	6.7265840885	0.0000000000	0.0000000000	0.0000000000	0.0000000000	0.0000000000	0.0000000000	0.0000000000	1.3465188801	0.2187500000	0.0000000000
54.9053447156	0.0238398822	56.0785497640	7.8577141778	0.0000000000	0.0000000000	0.0000000000	0.0000000000	1.0000000000	0.0000000000	0.1666666667	1.3374703974	0.2692307692	0.0000000000
0.0000000000	0.0000000000	nan	0.0000000000	0.0000000000	0.0000000000	0.0000000000	0.0000000000	1.0000000000	0.0000000000	0.3333333333	1.2800722768	0.0000000000	nan
0.0000000000	0.0000000000	nan	0.0000000000	0.0000000000	0.0000000000	0.0000000000	0.0000000000	0.0000000000	0.0000000000	0.0000000000	0.6475834101	0.0000000000	nan
7.6664326760	0.0032989828	4.0737028125	23.4736702664	0.0000000000	0.0000000000	0.0000000000	0.0000000000	0.0000000000	0.0000000000	0.0000000000	1.2258338749	0.0208333333	0.0000000000
0.0000000000	0.0000000000	nan	0.0000000000	0.0000000000	0.0000000000	0.0000000000	0.0000000000	0.0000000000	0.0000000000	0.1666666667	0.9735159526	0.0000000000	nan
0.0000000000	0.0000000000	nan	0.0000000000	0.0000000000	0.0000000000	0.0000000000	0.0000000000	0.0000000000	0.0000000000	0.0000000000	1.2267338882	0.0000000000	nan
nan	nan	nan	0.0000000000	0.0000000000	0.0000000000	0.0000000000	0.0000000000	0.0000000000	0.0000000000	0.0000000000	1.4992837757	nan	nan
0.0000000000	0.0000000000	nan	0.0000000000	0.0000000000	0.0000000000	0.0000000000	0.0000000000	0.0000000000	0.0000000000	0.0000000000	1.5384995714	0.0000000000	nan
0.0000000000	0.0000000000	nan	0.0000000000	0.0000000000	0.0000000000	0.0000000000	0.0000000000	0.0000000000	0.0000000000	0.0000000000	2.5662077442	0.0000000000	nan
inf	inf	inf	5.6218157711	0.0000000000	0.0000000000	0.0000000000	0.0000000000	0.0000000000	0.0000000000	0.0000000000	1.7618611356	1.0000000000	0.0000000000
0.0000000000	0.0000000000	nan	0.0000000000	0.0000000000	0.0000000000	0.0000000000	0.0000000000	0.0000000000	0.0000000000	0.0000000000	2.5662077442	0.0000000000	nan
nan	nan	nan	0.0000000000	0.0000000000	0.0000000000	0.0000000000	0.0000000000	0.0000000000	0.0000000000	0.0000000000	2.8344709724	nan	nan
0.0000000000	0.0000000000	nan	0.0000000000	0.0000000000	0.0000000000	0.0000000000	0.0000000000	0.0000000000	0.0000000000	0.0000000000	1.7620826736	0.0000000000	nan
inf	inf	inf	6.5432429169	0.0000000000	0.0000000000	0.0000000000	0.0000000000	0.0000000000	0.0000000000	0.0000000000	1.7195265070	1.0000000000	0.0000000000
nan	nan	nan	0.0000000000	0.0000000000	0.0000000000	0.0000000000	0.0000000000	0.0000000000	0.0000000000	0.1666666667	2.1856728643	nan	nan
0.0000000000	0.0000000000	nan	0.0000000000	0.0000000000	0.0000000000	0.0000000000	0.0000000000	0.0000000000	0.0000000000	0.0000000000	2.9192198575	0.0000000000	nan
0.0000000000	0.0000000000	nan	0.0000000000	0.0000000000	0.0000000000	0.0000000000	0.0000000000	0.0000000000	1.0000000000	0.5000000000	2.1428012252	0.0000000000	nan
inf	inf	inf	6.1917036170	0.0000000000	0.0000000000	0.0000000000	0.0000000000	0.0000000000	0.0000000000	0.3333333333	1.4795901229	1.0000000000	0.0000000000
208.0610195091	0.0390252536	58.7161453967	4.5358006844	0.0000000000	0.0000000000	0.0000000000	0.0000000000	0.0000000000	0.0000000000	0.2500000000	1.7375802584	0.0628571429	0.0909090909
123.8953501154	0.0265241142	38.5554980688	4.5949373789	0.0000000000	0.0000000000	0.0000000000	0.0000000000	0.0000000000	1.0000000000	0.4000000000	1.5890422493	0.1454545455	0.1250000000
3.6798876845	0.0016494914	1.3028822312	6.2497634574	0.0000000000	0.0000000000	0.0000000000	0.0000000000	0.0000000000	0.0000000000	0.3333333333	1.3497298608	0.0714285714	0.0000000000
0.0000000000	0.0000000000	nan	0.0000000000	0.0000000000	0.0000000000	0.0000000000	0.0000000000	1.0000000000	0.0000000000	0.5000000000	0.3954625502	0.0000000000	nan
inf	inf	inf	7.5846352897	0.0000000000	0.0000000000	0.0000000000	0.0000000000	1.0000000000	0.0000000000	0.3333333333	1.1008252551	1.0000000000	0.3142857143
57.1098566246	0.0457183881	222.4737197189	7.3361238644	0.0000000000	0.0000000000	0.0000000000	0.0000000000	1.0000000000	1.0000000000	0.5000000000	1.0743414946	0.3142857143	0.2545454545
7.8058223610	0.0088072788	28.7681787648	10.6865447872	0.0000000000	0.0000000000	0.0000000000	0.0000000000	1.0000000000	0.0000000000	0.4000000000	0.8901067793	0.2545454545	0.0000000000
238.1748582162	0.1172001142	426.8943979794	7.2087555691	0.0000000000	0.0000000000	0.0000000000	0.0000000000	1.0000000000	0.0000000000	0.3333333333	1.2444400837	1.0000000000	0.0000000000
0.0000000000	0.0000000000	nan	0.0000000000	0.0000000000	0.0000000000	0.0000000000	0.0000000000	0.0000000000	0.0000000000	0.0000000000	1.3323592916	0.0000000000	nan
inf	inf	inf	6.1673604150	0.0000000000	0.0000000000	0.0000000000	0.0000000000	0.0000000000	1.0000000000	0.3333333333	1.2198695987	1.0000000000	0.3773584906
12.3434387739	0.0128170215	50.2624929706	10.1274147147	0.0000000000	0.0000000000	0.0000000000	0.0000000000	0.0000000000	0.0000000000	0.2500000000	0.9531941786	0.3773584906	0.7500000000
4231.9956395349	0.3051559520	258.8632972386	5.7474404824	0.0000000000	0.0000000000	0.0000000000	0.0000000000	0.0000000000	0.0000000000	0.2000000000	1.3657766640	1.0000000000	0.0322580645
0.0000000000	0.0000000000	nan	0.0000000000	0.0000000000	0.0000000000	0.0000000000	0.0000000000	0.0000000000	1.0000000000	0.5000000000	1.7532204390	0.0000000000	nan
nan	nan	nan	0.0000000000	0.0000000000	0.0000000000	0.0000000000	0.0000000000	0.0000000000	0.0000000000	0.3333333333	1.2198695987	nan	nan
0.0000000000	0.0000000000	nan	0.0000000000	0.0000000000	0.0000000000	0.0000000000	0.0000000000	0.0000000000	0.0000000000	0.2500000000	1.6689288504	0.0000000000	nan
0.0000000000	0.0000000000	nan	0.0000000000	0.0000000000	0.0000000000	0.0000000000	0.0000000000	1.0000000000	0.0000000000	0.5000000000	0.5740290657	0.0000000000	nan
inf	inf	inf	5.1697360422	0.0000000000	0.0000000000	0.0000000000	0.0000000000	1.0000000000	0.0000000000	0.3333333333	1.3880549123	1.0000000000	0.6078431373
0.0000000000	0.0000000000	nan	0.0000000000	0.0000000000	0.0000000000	0.0000000000	0.0000000000	0.0000000000	0.0000000000	0.0000000000	1.5846372619	0.0000000000	nan
0.0000000000	0.0000000000	nan	0.0000000000	0.0000000000	0.0000000000	0.0000000000	0.0000000000	0.0000000000	0.0000000000	0.2222222222	1.4028016445	0.0000000000	nan
0.0000000000	0.0000000000	nan	0.0000000000	0.0000000000	0.0000000000	0.0000000000	0.0000000000	0.0000000000	0.0000000000	0.2500000000	2.2338456549	0.0000000000	nan
0.0000000000	0.0000000000	nan	0.0000000000	0.0000000000	0.0000000000	0.0000000000	0.0000000000	1.0000000000	0.0000000000	0.5000000000	2.6517621055	0.0000000000	nan
0.0000000000	0.0000000000	nan	0.0000000000	0.0000000000	0.0000000000	0.0000000000	0.0000000000	0.0000000000	0.0000000000	0.0000000000	3.4977323413	0.0000000000	nan
0.0000000000	0.0000000000	nan	0.0000000000	0.0000000000	0.0000000000	0.0000000000	0.0000000000	0.0000000000	0.0000000000	0.0000000000	2.7979560867	0.0000000000	nan
0.0000000000	0.0000000000	nan	0.0000000000	0.0000000000	0.0000000000	0.0000000000	0.0000000000	0.0000000000	0.0000000000	0.0000000000	2.9027372003	0.0000000000	nan
inf	inf	inf	4.7747390271	0.0000000000	0.0000000000	0.0000000000	0.0000000000	1.0000000000	0.0000000000	0.3333333333	1.4097398371	1.0000000000	0.0000000000
inf	inf	inf	1.6884337734	0.0000000000	0.0000000000	0.0000000000	0.0000000000	0.0000000000	1.0000000000	0.6666666667	2.4228037198	1.0000000000	0.1428571429
inf	inf	inf	2.0852548821	0.0000000000	0.0000000000	0.0000000000	0.0000000000	1.0000000000	0.0000000000	0.3333333333	2.3576082240	1.0000000000	0.0000000000
0.0000000000	0.0000000000	nan	0.0000000000	0.0000000000	0.0000000000	0.0000000000	0.0000000000	0.0000000000	0.0000000000	0.2500000000	2.3433093317	0.0000000000	nan
0.0000000000	0.0000000000	nan	0.0000000000	0.0000000000	0.0000000000	0.0000000000	0.0000000000	0.0000000000	0.0000000000	0.2500000000	1.8432595022	0.0000000000	nan
0.0000000000	0.0000000000	nan	0.0000000000	0.0000000000	0.0000000000	0.0000000000	0.0000000000	0.0000000000	0.0000000000	0.2500000000	1.5100238100	0.0000000000	nan
nan	nan	nan	0.0000000000	0.0000000000	0.0000000000	0.0000000000	0.0000000000	1.0000000000	0.0000000000	0.4000000000	2.2424378147	nan	nan
nan	nan	nan	0.0000000000	0.0000000000	0.0000000000	0.0000000000	0.0000000000	0.0000000000	1.0000000000	0.5555555556	2.6382557684	nan	nan
nan	nan	nan	0.0000000000	0.0000000000	0.0000000000	0.0000000000	0.0000000000	0.0000000000	0.0000000000	0.1875000000	2.7373146452	nan	nan
0.0000000000	0.0000000000	nan	0.0000000000	0.0000000000	0.0000000000	0.0000000000	0.0000000000	0.0000000000	0.0000000000	0.1428571429	1.6249538532	0.0000000000	nan
0.0000000000	0.0000000000	nan	0.0000000000	0.0000000000	0.0000000000	0.0000000000	0.0000000000	0.0000000000	0.0000000000	0.0000000000	1.2562672913	nan	nan
nan	nan	nan	0.0000000000	0.0000000000	0.0000000000	0.0000000000	0.0000000000	1.0000000000	0.0000000000	0.4285714286	2.2715143583	nan	nan
nan	nan	nan	0.0000000000	0.0000000000	0.0000000000	0.0000000000	0.0000000000	0.0000000000	0.0000000000	0.2500000000	2.5186889954	nan	nan
nan	nan	nan	0.0000000000	0.0000000000	0.0000000000	0.0000000000	0.0000000000	0.0000000000	0.0000000000	0.3500000000	2.5424357027	nan	nan
nan	nan	nan	0.0000000000	0.0000000000	0.0000000000	0.0000000000	0.0000000000	0.0000000000	0.0000000000	0.2000000000	3.0927614599	0.0000000000	nan
nan	nan	nan	0.0000000000	0.0000000000	0.0000000000	0.0000000000	0.0000000000	0.0000000000	1.0000000000	0.2352941176	2.3578910065	nan	nan
98.9858639343	0.0410282774	105.6844721821	6.2570268171	0.0000000000	0.0000000000	0.0000000000	0.0000000000	1.0000000000	0.0000000000	0.3333333333	0.9539773514	0.6052631579	0.0000000000
0.0000000000	0.0000000000	nan	0.0000000000	0.0000000000	0.0000000000	0.0000000000	0.0000000000	0.0000000000	0.0000000000	0.1818181818	1.5646202077	nan	nan
0.0000000000	0.0000000000	nan	0.0000000000	0.0000000000	0.0000000000	0.0000000000	0.0000000000	1.0000000000	1.0000000000	0.4166666667	1.2206854907	0.0000000000	nan
nan	nan	nan	0.0000000000	0.0000000000	0.0000000000	0.0000000000	0.0000000000	0.0000000000	0.0000000000	0.0526315789	2.0169681860	nan	nan
